"employeeID","employee_name","title","orders_handled","unique_customers","total_revenue"
1,Nancy Davolio,Sales Representative,123,65,192107.6
2,Andrew Fuller,Vice President Sales,96,59,166537.76
3,Janet Leverling,Sales Representative,127,63,202812.84
4,Margaret Peacock,Sales Representative,156,75,232890.85
5,Steven Buchanan,Sales Manager,42,29,68792.28
6,Michael Suyama,Sales Representative,67,43,73913.13
7,Robert King,Sales Representative,72,45,124568.24
8,Laura Callahan,Sales Manager,104,56,126862.28
9,Anne Dodsworth,Sales Representative,43,29,77308.07
